Workbook

Sheet Phieu nhâp
B2: PHIẾU NHẬP HÀNG
B4: Ngày Nhập | C4: Loại Vàng | D4: TL vàng | E4: Tuổi vàng | F4: Tuổi quy | G4: Quy | H4: Đơn giá mua | I4: Thành tiền | J4: Shíp | K4: Giá Trị nhập | L4: Đơn giá/chỉ
B5: 45828 | C5: Vàng thỏi | D5: 23.755 | E5: 99.946 | F5: 95 | G5: =ROUND(E5/F5*D5,3) -> 24.992 | H5: 10085000 | I5: =ROUND(G5*H5,-3) -> 252044000 | J5: =ROUND($J$12/$I$12*I5,$J$15) -> 31400 | K5: =I5+J5 -> 252075400 | L5: =ROUND(K5/D5,0) -> 10611467
B6: 45828 | C6: Vàng thỏi | D6: 77.246 | E6: 99.961 | F6: 95 | G6: =ROUND(E6/F6*D6,3) -> 81.28 | H6: 10085000 | I6: =ROUND(G6*H6,-3) -> 819709000 | J6: =ROUND($J$12/$I$12*I6,$J$15) -> 102200 | K6: =I6+J6 -> 819811200 | L6: =K6/D6 -> 10612992
B7: 45828 | C7: Vàng thỏi | D7: 50 | E7: 99.99 | F7: 99.99 | G7: =ROUND(E7/F7*D7,3) -> 50 | H7: 10650000 | I7: =ROUND(G7*H7,-3) -> 532500000 | J7: =ROUND($J$12/$I$12*I7,$J$15) -> 66400 | K7: =I7+J7 -> 532566400 | L7: =K7/D7 -> 10651328
G8: =ROUND(E8/95*D8,3) -> 0 | I8: =ROUND(G8*H8,-3) -> 0 | J8: =ROUND($J$12/$I$12*I8,-3) -> 0 | K8: =I8+J8 -> 0 | L8: =K8/D8 -> #DIV/0!
G9: =ROUND(E9/95*D9,3) -> 0 | I9: =ROUND(G9*H9,-3) -> 0
G10: =ROUND(E10/95*D10,3) -> 0 | I10: =ROUND(G10*H10,-3) -> 0
G11: =ROUND(E11/95*D11,3) -> 0 | I11: =ROUND(G11*H11,-3) -> 0
C12: Tổng cộng | D12: =SUM(D5:D11) -> 151.001 | G12: =SUM(G5:G11) -> 156.272 | I12: =SUM(I5:I11) -> 1604253000 | J12: 200000 | K12: =SUM(K5:K11) -> 1604453000
H14: Kiểm tra tiền ship | J14: =SUM(J5:J11) -> 200000
I15: Làm tròn | J15: -2

Sheet BK lam NT9999
A1: CTY TNHH Hiệp Thành jewelry - CN1
A2: ĐC : 27 Nguyễn Ảnh Thủ, P.Hiệp Thành, Quận 12, TpHCM
A4: BẢNG KÊ LÀM NHẪN TRƠN
A6: Bộ phận nhận
A7: Địa chỉ :
A8: I. Dẻ đi gia công lại
A10: Ngày mua | B10: Nhóm hàng | C10: Tuổi vàng | D10: Số lượng | E10: Tổng cân | F10: Đơn giá | G10: Thành tiền | I10: Quy ra 99,7 | J10: Ghi chú
A11: ='Phieu nhâp'!B5 -> 45828 | B11: ='Phieu nhâp'!C5 -> Vàng thỏi | C11: =TRUNC('Phieu nhâp'!E5,2) -> 99.94 | E11: ='Phieu nhâp'!D5 -> 23.755 | F11: =G11/E11 -> 10611467 | G11: ='Phieu nhâp'!K5 -> 252075400 | I11: =TRUNC(99.7/C11*E11,3) -> 23.697
A12: ='Phieu nhâp'!B6 -> 45828 | B12: ='Phieu nhâp'!C6 -> Vàng thỏi | C12: =TRUNC('Phieu nhâp'!E6,2) -> 99.96 | E12: ='Phieu nhâp'!D6 -> 77.246 | F12: =G12/E12 -> 10612992 | G12: ='Phieu nhâp'!K6 -> 819811200 | I12: =TRUNC(99.7/C12*E12,3) -> 77.045
A13: ='Phieu nhâp'!B7 -> 45828 | B13: ='Phieu nhâp'!C7 -> Vàng thỏi | C13: =TRUNC('Phieu nhâp'!E7,2) -> 99.99 | E13: ='Phieu nhâp'!D7 -> 50 | F13: =G13/E13 -> 10651328 | G13: ='Phieu nhâp'!K7 -> 532566400 | I13: =TRUNC(99.7/C13*E13,3) -> 49.854
B16: Tổng cộng | E16: =SUM(E11:E15) -> 151.001 | G16: =SUM(G11:H15) -> 1604453000 | I16: =SUM(I11:I15) -> 150.596
A18: II. Thành phẩm
A20: ST | B20: Nhóm hàng | C20: Tuổi vàng | D20: Bộ Phận thợ ghi nhận | G20: Bộ phận nhập hàng | J20: Ghi chú
D21: Số lượng | E21: TL vàng giao thực tế | F21: Hao hụt | G21: Số lượng | H21: TL Vàng thực nhập | I21: Tổng cộng
A22: 1 | B22: 5P | C22: 99.7
A23: 2 | B23: 1C | C23: 99.7
A24: 3 | B24: 2C | C24: 99.7
A25: 4 | B25: 5C | C25: 99.7
A26: 5 | B26: 1 Lượng | C26: 99.7
A27: 6 | B27: Vàng 99,7 | C27: 99.7
B28: Tổng cộng | E28: =SUM(E22:E27) -> 0
H30: Ngày ….... tháng …....... năm 20…...
A31: Người giao | C31: Thợ nhận | F31: Nhập hàng | H31: Người nhận
